dataset,modo,threads,schedule,chunk,rep,iters,sse_final,time_ms,median_ms
p,seq,1,NA,NA,1,3,3307.377030,0.1,NA
p,seq,1,NA,NA,2,3,3307.377030,0.1,NA
p,seq,1,NA,NA,3,3,3307.377030,0.1,NA
p,seq,1,NA,NA,4,3,3307.377030,0.1,NA
p,seq,1,NA,NA,5,3,3307.377030,0.1,NA
p,seq,1,NA,NA,0,NA,NA,NA,0.1
m,seq,1,NA,NA,1,3,33447.299806,1.7,NA
m,seq,1,NA,NA,2,3,33447.299806,1.7,NA
m,seq,1,NA,NA,3,3,33447.299806,1.7,NA
m,seq,1,NA,NA,4,3,33447.299806,1.7,NA
m,seq,1,NA,NA,5,3,33447.299806,1.8,NA
m,seq,1,NA,NA,0,NA,NA,NA,1.7
g,seq,1,NA,NA,1,3,333373.975493,34.3,NA
g,seq,1,NA,NA,2,3,333373.975493,34.0,NA
g,seq,1,NA,NA,3,3,333373.975493,37.8,NA
g,seq,1,NA,NA,4,3,333373.975493,34.5,NA
g,seq,1,NA,NA,5,3,333373.975493,32.1,NA
g,seq,1,NA,NA,0,NA,NA,NA,34.3
p,omp,1,static,NA,1,3,3307.377030,0.209,NA
p,omp,1,static,NA,2,3,3307.377030,0.140,NA
p,omp,1,static,NA,3,3,3307.377030,0.120,NA
p,omp,1,static,NA,4,3,3307.377030,0.123,NA
p,omp,1,static,NA,5,3,3307.377030,0.125,NA
p,omp,1,static,NA,0,NA,NA,NA,0.125
p,omp,2,static,NA,1,3,3307.377030,0.558,NA
p,omp,2,static,NA,2,3,3307.377030,0.797,NA
p,omp,2,static,NA,3,3,3307.377030,0.553,NA
p,omp,2,static,NA,4,3,3307.377030,0.785,NA
p,omp,2,static,NA,5,3,3307.377030,0.729,NA
p,omp,2,static,NA,0,NA,NA,NA,0.729
p,omp,4,static,NA,1,3,3307.377030,0.594,NA
p,omp,4,static,NA,2,3,3307.377030,0.669,NA
p,omp,4,static,NA,3,3,3307.377030,0.725,NA
p,omp,4,static,NA,4,3,3307.377030,0.637,NA
p,omp,4,static,NA,5,3,3307.377030,0.532,NA
p,omp,4,static,NA,0,NA,NA,NA,0.637
p,omp,8,static,NA,1,3,3307.377030,0.745,NA
p,omp,8,static,NA,2,3,3307.377030,0.739,NA
p,omp,8,static,NA,3,3,3307.377030,0.677,NA
p,omp,8,static,NA,4,3,3307.377030,1.194,NA
p,omp,8,static,NA,5,3,3307.377030,0.725,NA
p,omp,8,static,NA,0,NA,NA,NA,0.739
p,omp,16,static,NA,1,3,3307.377030,48.309,NA
p,omp,16,static,NA,2,3,3307.377030,40.357,NA
p,omp,16,static,NA,3,3,3307.377030,1.235,NA
p,omp,16,static,NA,4,3,3307.377030,47.012,NA
p,omp,16,static,NA,5,3,3307.377030,40.018,NA
p,omp,16,static,NA,0,NA,NA,NA,40.357
p,omp,1,dynamic,NA,1,3,3307.377030,0.740,NA
p,omp,1,dynamic,NA,2,3,3307.377030,0.715,NA
p,omp,1,dynamic,NA,3,3,3307.377030,0.750,NA
p,omp,1,dynamic,NA,4,3,3307.377030,0.727,NA
p,omp,1,dynamic,NA,5,3,3307.377030,0.807,NA
p,omp,1,dynamic,NA,0,NA,NA,NA,0.740
p,omp,2,dynamic,NA,1,3,3307.377030,2.630,NA
p,omp,2,dynamic,NA,2,3,3307.377030,2.659,NA
p,omp,2,dynamic,NA,3,3,3307.377030,2.375,NA
p,omp,2,dynamic,NA,4,3,3307.377030,2.687,NA
p,omp,2,dynamic,NA,5,3,3307.377030,2.535,NA
p,omp,2,dynamic,NA,0,NA,NA,NA,2.630
p,omp,4,dynamic,NA,1,3,3307.377030,2.686,NA
p,omp,4,dynamic,NA,2,3,3307.377030,2.475,NA
p,omp,4,dynamic,NA,3,3,3307.377030,2.467,NA
p,omp,4,dynamic,NA,4,3,3307.377030,2.564,NA
p,omp,4,dynamic,NA,5,3,3307.377030,2.926,NA
p,omp,4,dynamic,NA,0,NA,NA,NA,2.564
p,omp,8,dynamic,NA,1,3,3307.377030,2.116,NA
p,omp,8,dynamic,NA,2,3,3307.377030,2.476,NA
p,omp,8,dynamic,NA,3,3,3307.377030,2.392,NA
p,omp,8,dynamic,NA,4,3,3307.377030,2.145,NA
p,omp,8,dynamic,NA,5,3,3307.377030,2.262,NA
p,omp,8,dynamic,NA,0,NA,NA,NA,2.262
p,omp,16,dynamic,NA,1,3,3307.377030,58.465,NA
p,omp,16,dynamic,NA,2,3,3307.377030,40.335,NA
p,omp,16,dynamic,NA,3,3,3307.377030,39.684,NA
p,omp,16,dynamic,NA,4,3,3307.377030,46.457,NA
p,omp,16,dynamic,NA,5,3,3307.377030,45.200,NA
p,omp,16,dynamic,NA,0,NA,NA,NA,45.200
m,omp,1,static,NA,1,3,33447.299806,1.892,NA
m,omp,1,static,NA,2,3,33447.299806,1.965,NA
m,omp,1,static,NA,3,3,33447.299806,1.968,NA
m,omp,1,static,NA,4,3,33447.299806,2.053,NA
m,omp,1,static,NA,5,3,33447.299806,2.059,NA
m,omp,1,static,NA,0,NA,NA,NA,1.968
m,omp,2,static,NA,1,3,33447.299806,2.835,NA
m,omp,2,static,NA,2,3,33447.299806,2.683,NA
m,omp,2,static,NA,3,3,33447.299806,2.726,NA
m,omp,2,static,NA,4,3,33447.299806,2.386,NA
m,omp,2,static,NA,5,3,33447.299806,1.884,NA
m,omp,2,static,NA,0,NA,NA,NA,2.683
m,omp,4,static,NA,1,3,33447.299806,2.228,NA
m,omp,4,static,NA,2,3,33447.299806,2.194,NA
m,omp,4,static,NA,3,3,33447.299806,2.189,NA
m,omp,4,static,NA,4,3,33447.299806,2.323,NA
m,omp,4,static,NA,5,3,33447.299806,2.191,NA
m,omp,4,static,NA,0,NA,NA,NA,2.194
m,omp,8,static,NA,1,3,33447.299806,2.000,NA
m,omp,8,static,NA,2,3,33447.299806,2.016,NA
m,omp,8,static,NA,3,3,33447.299806,1.947,NA
m,omp,8,static,NA,4,3,33447.299806,2.246,NA
m,omp,8,static,NA,5,3,33447.299806,1.780,NA
m,omp,8,static,NA,0,NA,NA,NA,2.000
m,omp,16,static,NA,1,3,33447.299806,39.974,NA
m,omp,16,static,NA,2,3,33447.299806,40.220,NA
m,omp,16,static,NA,3,3,33447.299806,1.830,NA
m,omp,16,static,NA,4,3,33447.299806,40.787,NA
m,omp,16,static,NA,5,3,33447.299806,45.834,NA
m,omp,16,static,NA,0,NA,NA,NA,40.220
m,omp,1,dynamic,NA,1,3,33447.299806,8.631,NA
m,omp,1,dynamic,NA,2,3,33447.299806,8.540,NA
m,omp,1,dynamic,NA,3,3,33447.299806,8.899,NA
m,omp,1,dynamic,NA,4,3,33447.299806,8.367,NA
m,omp,1,dynamic,NA,5,3,33447.299806,8.551,NA
m,omp,1,dynamic,NA,0,NA,NA,NA,8.551
m,omp,2,dynamic,NA,1,3,33447.299806,21.049,NA
m,omp,2,dynamic,NA,2,3,33447.299806,17.070,NA
m,omp,2,dynamic,NA,3,3,33447.299806,21.343,NA
m,omp,2,dynamic,NA,4,3,33447.299806,20.683,NA
m,omp,2,dynamic,NA,5,3,33447.299806,20.138,NA
m,omp,2,dynamic,NA,0,NA,NA,NA,20.683
m,omp,4,dynamic,NA,1,3,33447.299806,18.811,NA
m,omp,4,dynamic,NA,2,3,33447.299806,18.432,NA
m,omp,4,dynamic,NA,3,3,33447.299806,17.109,NA
m,omp,4,dynamic,NA,4,3,33447.299806,18.751,NA
m,omp,4,dynamic,NA,5,3,33447.299806,19.330,NA
m,omp,4,dynamic,NA,0,NA,NA,NA,18.751
m,omp,8,dynamic,NA,1,3,33447.299806,13.798,NA
m,omp,8,dynamic,NA,2,3,33447.299806,16.363,NA
m,omp,8,dynamic,NA,3,3,33447.299806,15.948,NA
m,omp,8,dynamic,NA,4,3,33447.299806,15.248,NA
m,omp,8,dynamic,NA,5,3,33447.299806,15.259,NA
m,omp,8,dynamic,NA,0,NA,NA,NA,15.259
m,omp,16,dynamic,NA,1,3,33447.299806,10.598,NA
m,omp,16,dynamic,NA,2,3,33447.299806,46.922,NA
m,omp,16,dynamic,NA,3,3,33447.299806,39.196,NA
m,omp,16,dynamic,NA,4,3,33447.299806,46.881,NA
m,omp,16,dynamic,NA,5,3,33447.299806,46.750,NA
m,omp,16,dynamic,NA,0,NA,NA,NA,46.750
g,omp,1,static,NA,1,3,333373.975493,41.772,NA
g,omp,1,static,NA,2,3,333373.975493,35.890,NA
g,omp,1,static,NA,3,3,333373.975493,34.889,NA
g,omp,1,static,NA,4,3,333373.975493,34.964,NA
g,omp,1,static,NA,5,3,333373.975493,38.414,NA
g,omp,1,static,NA,0,NA,NA,NA,35.890
g,omp,2,static,NA,1,3,333373.975493,20.667,NA
g,omp,2,static,NA,2,3,333373.975493,20.840,NA
g,omp,2,static,NA,3,3,333373.975493,22.029,NA
g,omp,2,static,NA,4,3,333373.975493,19.778,NA
g,omp,2,static,NA,5,3,333373.975493,20.173,NA
g,omp,2,static,NA,0,NA,NA,NA,20.667
g,omp,4,static,NA,1,3,333373.975493,14.275,NA
g,omp,4,static,NA,2,3,333373.975493,14.878,NA
g,omp,4,static,NA,3,3,333373.975493,13.948,NA
g,omp,4,static,NA,4,3,333373.975493,14.253,NA
g,omp,4,static,NA,5,3,333373.975493,14.118,NA
g,omp,4,static,NA,0,NA,NA,NA,14.253
g,omp,8,static,NA,1,3,333373.975493,11.430,NA
g,omp,8,static,NA,2,3,333373.975493,11.439,NA
g,omp,8,static,NA,3,3,333373.975493,11.379,NA
g,omp,8,static,NA,4,3,333373.975493,7.792,NA
g,omp,8,static,NA,5,3,333373.975493,11.421,NA
g,omp,8,static,NA,0,NA,NA,NA,11.421
g,omp,16,static,NA,1,3,333373.975493,47.242,NA
g,omp,16,static,NA,2,3,333373.975493,47.333,NA
g,omp,16,static,NA,3,3,333373.975493,40.775,NA
g,omp,16,static,NA,4,3,333373.975493,10.687,NA
g,omp,16,static,NA,5,3,333373.975493,47.429,NA
g,omp,16,static,NA,0,NA,NA,NA,47.242
g,omp,1,dynamic,NA,1,3,333373.975493,106.005,NA
g,omp,1,dynamic,NA,2,3,333373.975493,105.117,NA
g,omp,1,dynamic,NA,3,3,333373.975493,107.092,NA
g,omp,1,dynamic,NA,4,3,333373.975493,104.666,NA
g,omp,1,dynamic,NA,5,3,333373.975493,108.542,NA
g,omp,1,dynamic,NA,0,NA,NA,NA,106.005
g,omp,2,dynamic,NA,1,3,333373.975493,173.297,NA
g,omp,2,dynamic,NA,2,3,333373.975493,163.611,NA
g,omp,2,dynamic,NA,3,3,333373.975493,152.020,NA
g,omp,2,dynamic,NA,4,3,333373.975493,164.095,NA
g,omp,2,dynamic,NA,5,3,333373.975493,150.574,NA
g,omp,2,dynamic,NA,0,NA,NA,NA,163.611
g,omp,4,dynamic,NA,1,3,333373.975493,144.272,NA
g,omp,4,dynamic,NA,2,3,333373.975493,143.504,NA
g,omp,4,dynamic,NA,3,3,333373.975493,117.979,NA
g,omp,4,dynamic,NA,4,3,333373.975493,141.528,NA
g,omp,4,dynamic,NA,5,3,333373.975493,152.251,NA
g,omp,4,dynamic,NA,0,NA,NA,NA,143.504
g,omp,8,dynamic,NA,1,3,333373.975493,121.067,NA
g,omp,8,dynamic,NA,2,3,333373.975493,129.402,NA
g,omp,8,dynamic,NA,3,3,333373.975493,132.781,NA
g,omp,8,dynamic,NA,4,3,333373.975493,129.791,NA
g,omp,8,dynamic,NA,5,3,333373.975493,128.637,NA
g,omp,8,dynamic,NA,0,NA,NA,NA,129.402
g,omp,16,dynamic,NA,1,3,333373.975493,121.319,NA
g,omp,16,dynamic,NA,2,3,333373.975493,123.561,NA
g,omp,16,dynamic,NA,3,3,333373.975493,112.311,NA
g,omp,16,dynamic,NA,4,3,333373.975493,126.734,NA
g,omp,16,dynamic,NA,5,3,333373.975493,127.627,NA
g,omp,16,dynamic,NA,0,NA,NA,NA,123.561
p,omp,1,static,1,1,3,3307.377030,0.126,NA
p,omp,1,static,1,2,3,3307.377030,0.125,NA
p,omp,1,static,1,3,3,3307.377030,0.121,NA
p,omp,1,static,1,4,3,3307.377030,0.137,NA
p,omp,1,static,1,5,3,3307.377030,0.117,NA
p,omp,1,static,1,0,NA,NA,NA,0.125
p,omp,2,static,1,1,3,3307.377030,0.864,NA
p,omp,2,static,1,2,3,3307.377030,0.822,NA
p,omp,2,static,1,3,3,3307.377030,0.879,NA
p,omp,2,static,1,4,3,3307.377030,0.781,NA
p,omp,2,static,1,5,3,3307.377030,0.886,NA
p,omp,2,static,1,0,NA,NA,NA,0.864
p,omp,4,static,1,1,3,3307.377030,0.647,NA
p,omp,4,static,1,2,3,3307.377030,0.768,NA
p,omp,4,static,1,3,3,3307.377030,0.770,NA
p,omp,4,static,1,4,3,3307.377030,1.066,NA
p,omp,4,static,1,5,3,3307.377030,0.801,NA
p,omp,4,static,1,0,NA,NA,NA,0.770
p,omp,8,static,1,1,3,3307.377030,0.797,NA
p,omp,8,static,1,2,3,3307.377030,0.867,NA
p,omp,8,static,1,3,3,3307.377030,0.820,NA
p,omp,8,static,1,4,3,3307.377030,0.829,NA
p,omp,8,static,1,5,3,3307.377030,0.887,NA
p,omp,8,static,1,0,NA,NA,NA,0.829
p,omp,16,static,1,1,3,3307.377030,47.115,NA
p,omp,16,static,1,2,3,3307.377030,45.547,NA
p,omp,16,static,1,3,3,3307.377030,44.889,NA
p,omp,16,static,1,4,3,3307.377030,38.347,NA
p,omp,16,static,1,5,3,3307.377030,41.060,NA
p,omp,16,static,1,0,NA,NA,NA,44.889
p,omp,1,static,64,1,3,3307.377030,0.123,NA
p,omp,1,static,64,2,3,3307.377030,0.139,NA
p,omp,1,static,64,3,3,3307.377030,0.118,NA
p,omp,1,static,64,4,3,3307.377030,0.123,NA
p,omp,1,static,64,5,3,3307.377030,0.126,NA
p,omp,1,static,64,0,NA,NA,NA,0.123
p,omp,2,static,64,1,3,3307.377030,0.673,NA
p,omp,2,static,64,2,3,3307.377030,0.824,NA
p,omp,2,static,64,3,3,3307.377030,0.725,NA
p,omp,2,static,64,4,3,3307.377030,0.760,NA
p,omp,2,static,64,5,3,3307.377030,0.767,NA
p,omp,2,static,64,0,NA,NA,NA,0.760
p,omp,4,static,64,1,3,3307.377030,0.472,NA
p,omp,4,static,64,2,3,3307.377030,0.941,NA
p,omp,4,static,64,3,3,3307.377030,0.588,NA
p,omp,4,static,64,4,3,3307.377030,0.434,NA
p,omp,4,static,64,5,3,3307.377030,0.447,NA
p,omp,4,static,64,0,NA,NA,NA,0.472
p,omp,8,static,64,1,3,3307.377030,0.839,NA
p,omp,8,static,64,2,3,3307.377030,0.686,NA
p,omp,8,static,64,3,3,3307.377030,0.677,NA
p,omp,8,static,64,4,3,3307.377030,0.718,NA
p,omp,8,static,64,5,3,3307.377030,0.640,NA
p,omp,8,static,64,0,NA,NA,NA,0.686
p,omp,16,static,64,1,3,3307.377030,46.498,NA
p,omp,16,static,64,2,3,3307.377030,1.012,NA
p,omp,16,static,64,3,3,3307.377030,46.763,NA
p,omp,16,static,64,4,3,3307.377030,40.386,NA
p,omp,16,static,64,5,3,3307.377030,39.394,NA
p,omp,16,static,64,0,NA,NA,NA,40.386
p,omp,1,static,256,1,3,3307.377030,0.128,NA
p,omp,1,static,256,2,3,3307.377030,0.126,NA
p,omp,1,static,256,3,3,3307.377030,0.330,NA
p,omp,1,static,256,4,3,3307.377030,0.123,NA
p,omp,1,static,256,5,3,3307.377030,0.125,NA
p,omp,1,static,256,0,NA,NA,NA,0.126
p,omp,2,static,256,1,3,3307.377030,0.768,NA
p,omp,2,static,256,2,3,3307.377030,0.782,NA
p,omp,2,static,256,3,3,3307.377030,0.505,NA
p,omp,2,static,256,4,3,3307.377030,0.800,NA
p,omp,2,static,256,5,3,3307.377030,1.615,NA
p,omp,2,static,256,0,NA,NA,NA,0.782
p,omp,4,static,256,1,3,3307.377030,0.731,NA
p,omp,4,static,256,2,3,3307.377030,0.579,NA
p,omp,4,static,256,3,3,3307.377030,0.484,NA
p,omp,4,static,256,4,3,3307.377030,0.439,NA
p,omp,4,static,256,5,3,3307.377030,0.626,NA
p,omp,4,static,256,0,NA,NA,NA,0.579
p,omp,8,static,256,1,3,3307.377030,0.834,NA
p,omp,8,static,256,2,3,3307.377030,0.714,NA
p,omp,8,static,256,3,3,3307.377030,0.687,NA
p,omp,8,static,256,4,3,3307.377030,0.695,NA
p,omp,8,static,256,5,3,3307.377030,0.616,NA
p,omp,8,static,256,0,NA,NA,NA,0.695
p,omp,16,static,256,1,3,3307.377030,0.982,NA
p,omp,16,static,256,2,3,3307.377030,44.917,NA
p,omp,16,static,256,3,3,3307.377030,0.927,NA
p,omp,16,static,256,4,3,3307.377030,46.907,NA
p,omp,16,static,256,5,3,3307.377030,45.761,NA
p,omp,16,static,256,0,NA,NA,NA,44.917
p,omp,1,static,1024,1,3,3307.377030,0.122,NA
p,omp,1,static,1024,2,3,3307.377030,0.121,NA
p,omp,1,static,1024,3,3,3307.377030,0.117,NA
p,omp,1,static,1024,4,3,3307.377030,0.124,NA
p,omp,1,static,1024,5,3,3307.377030,0.127,NA
p,omp,1,static,1024,0,NA,NA,NA,0.122
p,omp,2,static,1024,1,3,3307.377030,0.454,NA
p,omp,2,static,1024,2,3,3307.377030,0.763,NA
p,omp,2,static,1024,3,3,3307.377030,0.782,NA
p,omp,2,static,1024,4,3,3307.377030,0.761,NA
p,omp,2,static,1024,5,3,3307.377030,0.750,NA
p,omp,2,static,1024,0,NA,NA,NA,0.761
p,omp,4,static,1024,1,3,3307.377030,0.508,NA
p,omp,4,static,1024,2,3,3307.377030,0.617,NA
p,omp,4,static,1024,3,3,3307.377030,0.585,NA
p,omp,4,static,1024,4,3,3307.377030,1.190,NA
p,omp,4,static,1024,5,3,3307.377030,0.628,NA
p,omp,4,static,1024,0,NA,NA,NA,0.617
p,omp,8,static,1024,1,3,3307.377030,0.584,NA
p,omp,8,static,1024,2,3,3307.377030,0.672,NA
p,omp,8,static,1024,3,3,3307.377030,0.825,NA
p,omp,8,static,1024,4,3,3307.377030,0.645,NA
p,omp,8,static,1024,5,3,3307.377030,0.700,NA
p,omp,8,static,1024,0,NA,NA,NA,0.672
p,omp,16,static,1024,1,3,3307.377030,1.051,NA
p,omp,16,static,1024,2,3,3307.377030,40.702,NA
p,omp,16,static,1024,3,3,3307.377030,40.223,NA
p,omp,16,static,1024,4,3,3307.377030,39.717,NA
p,omp,16,static,1024,5,3,3307.377030,40.777,NA
p,omp,16,static,1024,0,NA,NA,NA,40.223
p,omp,1,dynamic,1,1,3,3307.377030,0.716,NA
p,omp,1,dynamic,1,2,3,3307.377030,0.716,NA
p,omp,1,dynamic,1,3,3,3307.377030,0.678,NA
p,omp,1,dynamic,1,4,3,3307.377030,0.741,NA
p,omp,1,dynamic,1,5,3,3307.377030,0.715,NA
p,omp,1,dynamic,1,0,NA,NA,NA,0.716
p,omp,2,dynamic,1,1,3,3307.377030,2.503,NA
p,omp,2,dynamic,1,2,3,3307.377030,2.765,NA
p,omp,2,dynamic,1,3,3,3307.377030,2.797,NA
p,omp,2,dynamic,1,4,3,3307.377030,2.216,NA
p,omp,2,dynamic,1,5,3,3307.377030,2.588,NA
p,omp,2,dynamic,1,0,NA,NA,NA,2.588
p,omp,4,dynamic,1,1,3,3307.377030,2.543,NA
p,omp,4,dynamic,1,2,3,3307.377030,2.428,NA
p,omp,4,dynamic,1,3,3,3307.377030,2.263,NA
p,omp,4,dynamic,1,4,3,3307.377030,2.435,NA
p,omp,4,dynamic,1,5,3,3307.377030,2.414,NA
p,omp,4,dynamic,1,0,NA,NA,NA,2.428
p,omp,8,dynamic,1,1,3,3307.377030,2.182,NA
p,omp,8,dynamic,1,2,3,3307.377030,2.289,NA
p,omp,8,dynamic,1,3,3,3307.377030,2.086,NA
p,omp,8,dynamic,1,4,3,3307.377030,2.040,NA
p,omp,8,dynamic,1,5,3,3307.377030,2.299,NA
p,omp,8,dynamic,1,0,NA,NA,NA,2.182
p,omp,16,dynamic,1,1,3,3307.377030,46.720,NA
p,omp,16,dynamic,1,2,3,3307.377030,45.290,NA
p,omp,16,dynamic,1,3,3,3307.377030,52.756,NA
p,omp,16,dynamic,1,4,3,3307.377030,48.984,NA
p,omp,16,dynamic,1,5,3,3307.377030,45.150,NA
p,omp,16,dynamic,1,0,NA,NA,NA,46.720
p,omp,1,dynamic,64,1,3,3307.377030,0.134,NA
p,omp,1,dynamic,64,2,3,3307.377030,0.135,NA
p,omp,1,dynamic,64,3,3,3307.377030,0.134,NA
p,omp,1,dynamic,64,4,3,3307.377030,0.136,NA
p,omp,1,dynamic,64,5,3,3307.377030,0.137,NA
p,omp,1,dynamic,64,0,NA,NA,NA,0.135
p,omp,2,dynamic,64,1,3,3307.377030,0.838,NA
p,omp,2,dynamic,64,2,3,3307.377030,0.785,NA
p,omp,2,dynamic,64,3,3,3307.377030,0.642,NA
p,omp,2,dynamic,64,4,3,3307.377030,0.793,NA
p,omp,2,dynamic,64,5,3,3307.377030,0.814,NA
p,omp,2,dynamic,64,0,NA,NA,NA,0.793
p,omp,4,dynamic,64,1,3,3307.377030,0.499,NA
p,omp,4,dynamic,64,2,3,3307.377030,0.594,NA
p,omp,4,dynamic,64,3,3,3307.377030,0.538,NA
p,omp,4,dynamic,64,4,3,3307.377030,0.583,NA
p,omp,4,dynamic,64,5,3,3307.377030,0.537,NA
p,omp,4,dynamic,64,0,NA,NA,NA,0.538
p,omp,8,dynamic,64,1,3,3307.377030,0.619,NA
p,omp,8,dynamic,64,2,3,3307.377030,0.611,NA
p,omp,8,dynamic,64,3,3,3307.377030,0.593,NA
p,omp,8,dynamic,64,4,3,3307.377030,0.574,NA
p,omp,8,dynamic,64,5,3,3307.377030,0.624,NA
p,omp,8,dynamic,64,0,NA,NA,NA,0.611
p,omp,16,dynamic,64,1,3,3307.377030,0.967,NA
p,omp,16,dynamic,64,2,3,3307.377030,45.134,NA
p,omp,16,dynamic,64,3,3,3307.377030,46.605,NA
p,omp,16,dynamic,64,4,3,3307.377030,45.035,NA
p,omp,16,dynamic,64,5,3,3307.377030,45.331,NA
p,omp,16,dynamic,64,0,NA,NA,NA,45.134
p,omp,1,dynamic,256,1,3,3307.377030,0.129,NA
p,omp,1,dynamic,256,2,3,3307.377030,0.128,NA
p,omp,1,dynamic,256,3,3,3307.377030,0.129,NA
p,omp,1,dynamic,256,4,3,3307.377030,0.133,NA
p,omp,1,dynamic,256,5,3,3307.377030,0.122,NA
p,omp,1,dynamic,256,0,NA,NA,NA,0.129
p,omp,2,dynamic,256,1,3,3307.377030,0.795,NA
p,omp,2,dynamic,256,2,3,3307.377030,0.740,NA
p,omp,2,dynamic,256,3,3,3307.377030,0.854,NA
p,omp,2,dynamic,256,4,3,3307.377030,0.771,NA
p,omp,2,dynamic,256,5,3,3307.377030,0.761,NA
p,omp,2,dynamic,256,0,NA,NA,NA,0.771
p,omp,4,dynamic,256,1,3,3307.377030,0.488,NA
p,omp,4,dynamic,256,2,3,3307.377030,0.720,NA
p,omp,4,dynamic,256,3,3,3307.377030,0.610,NA
p,omp,4,dynamic,256,4,3,3307.377030,0.511,NA
p,omp,4,dynamic,256,5,3,3307.377030,0.440,NA
p,omp,4,dynamic,256,0,NA,NA,NA,0.511
p,omp,8,dynamic,256,1,3,3307.377030,0.579,NA
p,omp,8,dynamic,256,2,3,3307.377030,0.581,NA
p,omp,8,dynamic,256,3,3,3307.377030,0.543,NA
p,omp,8,dynamic,256,4,3,3307.377030,0.548,NA
p,omp,8,dynamic,256,5,3,3307.377030,0.618,NA
p,omp,8,dynamic,256,0,NA,NA,NA,0.579
p,omp,16,dynamic,256,1,3,3307.377030,0.919,NA
p,omp,16,dynamic,256,2,3,3307.377030,46.022,NA
p,omp,16,dynamic,256,3,3,3307.377030,46.541,NA
p,omp,16,dynamic,256,4,3,3307.377030,45.615,NA
p,omp,16,dynamic,256,5,3,3307.377030,45.166,NA
p,omp,16,dynamic,256,0,NA,NA,NA,45.615
p,omp,1,dynamic,1024,1,3,3307.377030,0.309,NA
p,omp,1,dynamic,1024,2,3,3307.377030,0.169,NA
p,omp,1,dynamic,1024,3,3,3307.377030,0.122,NA
p,omp,1,dynamic,1024,4,3,3307.377030,0.120,NA
p,omp,1,dynamic,1024,5,3,3307.377030,0.127,NA
p,omp,1,dynamic,1024,0,NA,NA,NA,0.127
p,omp,2,dynamic,1024,1,3,3307.377030,0.349,NA
p,omp,2,dynamic,1024,2,3,3307.377030,0.793,NA
p,omp,2,dynamic,1024,3,3,3307.377030,0.884,NA
p,omp,2,dynamic,1024,4,3,3307.377030,0.723,NA
p,omp,2,dynamic,1024,5,3,3307.377030,0.741,NA
p,omp,2,dynamic,1024,0,NA,NA,NA,0.741
p,omp,4,dynamic,1024,1,3,3307.377030,0.450,NA
p,omp,4,dynamic,1024,2,3,3307.377030,0.447,NA
p,omp,4,dynamic,1024,3,3,3307.377030,0.505,NA
p,omp,4,dynamic,1024,4,3,3307.377030,0.485,NA
p,omp,4,dynamic,1024,5,3,3307.377030,0.553,NA
p,omp,4,dynamic,1024,0,NA,NA,NA,0.485
p,omp,8,dynamic,1024,1,3,3307.377030,0.583,NA
p,omp,8,dynamic,1024,2,3,3307.377030,0.649,NA
p,omp,8,dynamic,1024,3,3,3307.377030,0.640,NA
p,omp,8,dynamic,1024,4,3,3307.377030,0.589,NA
p,omp,8,dynamic,1024,5,3,3307.377030,0.957,NA
p,omp,8,dynamic,1024,0,NA,NA,NA,0.640
p,omp,16,dynamic,1024,1,3,3307.377030,39.413,NA
p,omp,16,dynamic,1024,2,3,3307.377030,39.580,NA
p,omp,16,dynamic,1024,3,3,3307.377030,46.761,NA
p,omp,16,dynamic,1024,4,3,3307.377030,45.575,NA
p,omp,16,dynamic,1024,5,3,3307.377030,40.697,NA
p,omp,16,dynamic,1024,0,NA,NA,NA,40.697
m,omp,1,static,1,1,3,33447.299806,1.913,NA
m,omp,1,static,1,2,3,33447.299806,1.808,NA
m,omp,1,static,1,3,3,33447.299806,1.927,NA
m,omp,1,static,1,4,3,33447.299806,2.070,NA
m,omp,1,static,1,5,3,33447.299806,1.960,NA
m,omp,1,static,1,0,NA,NA,NA,1.927
m,omp,2,static,1,1,3,33447.299806,3.624,NA
m,omp,2,static,1,2,3,33447.299806,4.505,NA
m,omp,2,static,1,3,3,33447.299806,4.920,NA
m,omp,2,static,1,4,3,33447.299806,4.624,NA
m,omp,2,static,1,5,3,33447.299806,4.662,NA
m,omp,2,static,1,0,NA,NA,NA,4.624
m,omp,4,static,1,1,3,33447.299806,4.244,NA
m,omp,4,static,1,2,3,33447.299806,4.126,NA
m,omp,4,static,1,3,3,33447.299806,4.257,NA
m,omp,4,static,1,4,3,33447.299806,3.990,NA
m,omp,4,static,1,5,3,33447.299806,4.082,NA
m,omp,4,static,1,0,NA,NA,NA,4.126
m,omp,8,static,1,1,3,33447.299806,1.974,NA
m,omp,8,static,1,2,3,33447.299806,2.048,NA
m,omp,8,static,1,3,3,33447.299806,1.981,NA
m,omp,8,static,1,4,3,33447.299806,1.986,NA
m,omp,8,static,1,5,3,33447.299806,3.080,NA
m,omp,8,static,1,0,NA,NA,NA,1.986
m,omp,16,static,1,1,3,33447.299806,40.134,NA
m,omp,16,static,1,2,3,33447.299806,47.264,NA
m,omp,16,static,1,3,3,33447.299806,2.448,NA
m,omp,16,static,1,4,3,33447.299806,2.410,NA
m,omp,16,static,1,5,3,33447.299806,45.190,NA
m,omp,16,static,1,0,NA,NA,NA,40.134
m,omp,1,static,64,1,3,33447.299806,1.902,NA
m,omp,1,static,64,2,3,33447.299806,1.790,NA
m,omp,1,static,64,3,3,33447.299806,2.008,NA
m,omp,1,static,64,4,3,33447.299806,1.902,NA
m,omp,1,static,64,5,3,33447.299806,1.876,NA
m,omp,1,static,64,0,NA,NA,NA,1.902
m,omp,2,static,64,1,3,33447.299806,2.059,NA
m,omp,2,static,64,2,3,33447.299806,2.013,NA
m,omp,2,static,64,3,3,33447.299806,2.189,NA
m,omp,2,static,64,4,3,33447.299806,1.904,NA
m,omp,2,static,64,5,3,33447.299806,2.298,NA
m,omp,2,static,64,0,NA,NA,NA,2.059
m,omp,4,static,64,1,3,33447.299806,2.040,NA
m,omp,4,static,64,2,3,33447.299806,2.054,NA
m,omp,4,static,64,3,3,33447.299806,2.069,NA
m,omp,4,static,64,4,3,33447.299806,2.139,NA
m,omp,4,static,64,5,3,33447.299806,2.092,NA
m,omp,4,static,64,0,NA,NA,NA,2.069
m,omp,8,static,64,1,3,33447.299806,1.907,NA
m,omp,8,static,64,2,3,33447.299806,1.770,NA
m,omp,8,static,64,3,3,33447.299806,1.649,NA
m,omp,8,static,64,4,3,33447.299806,1.806,NA
m,omp,8,static,64,5,3,33447.299806,1.871,NA
m,omp,8,static,64,0,NA,NA,NA,1.806
m,omp,16,static,64,1,3,33447.299806,8.491,NA
m,omp,16,static,64,2,3,33447.299806,49.195,NA
m,omp,16,static,64,3,3,33447.299806,3.433,NA
m,omp,16,static,64,4,3,33447.299806,47.031,NA
m,omp,16,static,64,5,3,33447.299806,38.532,NA
m,omp,16,static,64,0,NA,NA,NA,38.532
m,omp,1,static,256,1,3,33447.299806,1.898,NA
m,omp,1,static,256,2,3,33447.299806,2.001,NA
m,omp,1,static,256,3,3,33447.299806,1.887,NA
m,omp,1,static,256,4,3,33447.299806,1.911,NA
m,omp,1,static,256,5,3,33447.299806,1.823,NA
m,omp,1,static,256,0,NA,NA,NA,1.898
m,omp,2,static,256,1,3,33447.299806,2.501,NA
m,omp,2,static,256,2,3,33447.299806,2.473,NA
m,omp,2,static,256,3,3,33447.299806,2.158,NA
m,omp,2,static,256,4,3,33447.299806,2.759,NA
m,omp,2,static,256,5,3,33447.299806,2.717,NA
m,omp,2,static,256,0,NA,NA,NA,2.501
m,omp,4,static,256,1,3,33447.299806,2.294,NA
m,omp,4,static,256,2,3,33447.299806,2.205,NA
m,omp,4,static,256,3,3,33447.299806,2.237,NA
m,omp,4,static,256,4,3,33447.299806,2.831,NA
m,omp,4,static,256,5,3,33447.299806,2.251,NA
m,omp,4,static,256,0,NA,NA,NA,2.251
m,omp,8,static,256,1,3,33447.299806,1.996,NA
m,omp,8,static,256,2,3,33447.299806,1.771,NA
m,omp,8,static,256,3,3,33447.299806,1.797,NA
m,omp,8,static,256,4,3,33447.299806,1.800,NA
m,omp,8,static,256,5,3,33447.299806,2.513,NA
m,omp,8,static,256,0,NA,NA,NA,1.800
m,omp,16,static,256,1,3,33447.299806,45.751,NA
m,omp,16,static,256,2,3,33447.299806,45.508,NA
m,omp,16,static,256,3,3,33447.299806,47.156,NA
m,omp,16,static,256,4,3,33447.299806,1.903,NA
m,omp,16,static,256,5,3,33447.299806,45.048,NA
m,omp,16,static,256,0,NA,NA,NA,45.508
m,omp,1,static,1024,1,3,33447.299806,1.906,NA
m,omp,1,static,1024,2,3,33447.299806,1.897,NA
m,omp,1,static,1024,3,3,33447.299806,1.900,NA
m,omp,1,static,1024,4,3,33447.299806,1.831,NA
m,omp,1,static,1024,5,3,33447.299806,1.926,NA
m,omp,1,static,1024,0,NA,NA,NA,1.900
m,omp,2,static,1024,1,3,33447.299806,2.506,NA
m,omp,2,static,1024,2,3,33447.299806,2.883,NA
m,omp,2,static,1024,3,3,33447.299806,1.787,NA
m,omp,2,static,1024,4,3,33447.299806,2.668,NA
m,omp,2,static,1024,5,3,33447.299806,1.933,NA
m,omp,2,static,1024,0,NA,NA,NA,2.506
m,omp,4,static,1024,1,3,33447.299806,2.256,NA
m,omp,4,static,1024,2,3,33447.299806,2.217,NA
m,omp,4,static,1024,3,3,33447.299806,2.186,NA
m,omp,4,static,1024,4,3,33447.299806,2.243,NA
m,omp,4,static,1024,5,3,33447.299806,2.046,NA
m,omp,4,static,1024,0,NA,NA,NA,2.217
m,omp,8,static,1024,1,3,33447.299806,1.672,NA
m,omp,8,static,1024,2,3,33447.299806,1.871,NA
m,omp,8,static,1024,3,3,33447.299806,1.688,NA
m,omp,8,static,1024,4,3,33447.299806,1.777,NA
m,omp,8,static,1024,5,3,33447.299806,1.736,NA
m,omp,8,static,1024,0,NA,NA,NA,1.736
m,omp,16,static,1024,1,3,33447.299806,39.568,NA
m,omp,16,static,1024,2,3,33447.299806,39.516,NA
m,omp,16,static,1024,3,3,33447.299806,45.004,NA
m,omp,16,static,1024,4,3,33447.299806,44.953,NA
m,omp,16,static,1024,5,3,33447.299806,47.258,NA
m,omp,16,static,1024,0,NA,NA,NA,44.953
m,omp,1,dynamic,1,1,3,33447.299806,8.748,NA
m,omp,1,dynamic,1,2,3,33447.299806,8.202,NA
m,omp,1,dynamic,1,3,3,33447.299806,8.377,NA
m,omp,1,dynamic,1,4,3,33447.299806,8.345,NA
m,omp,1,dynamic,1,5,3,33447.299806,8.399,NA
m,omp,1,dynamic,1,0,NA,NA,NA,8.377
m,omp,2,dynamic,1,1,3,33447.299806,16.098,NA
m,omp,2,dynamic,1,2,3,33447.299806,19.529,NA
m,omp,2,dynamic,1,3,3,33447.299806,18.211,NA
m,omp,2,dynamic,1,4,3,33447.299806,18.513,NA
m,omp,2,dynamic,1,5,3,33447.299806,20.012,NA
m,omp,2,dynamic,1,0,NA,NA,NA,18.513
m,omp,4,dynamic,1,1,3,33447.299806,18.447,NA
m,omp,4,dynamic,1,2,3,33447.299806,18.866,NA
m,omp,4,dynamic,1,3,3,33447.299806,19.912,NA
m,omp,4,dynamic,1,4,3,33447.299806,19.506,NA
m,omp,4,dynamic,1,5,3,33447.299806,17.954,NA
m,omp,4,dynamic,1,0,NA,NA,NA,18.866
m,omp,8,dynamic,1,1,3,33447.299806,11.753,NA
m,omp,8,dynamic,1,2,3,33447.299806,15.279,NA
m,omp,8,dynamic,1,3,3,33447.299806,14.024,NA
m,omp,8,dynamic,1,4,3,33447.299806,15.670,NA
m,omp,8,dynamic,1,5,3,33447.299806,14.519,NA
m,omp,8,dynamic,1,0,NA,NA,NA,14.519
m,omp,16,dynamic,1,1,3,33447.299806,46.565,NA
m,omp,16,dynamic,1,2,3,33447.299806,44.912,NA
m,omp,16,dynamic,1,3,3,33447.299806,39.342,NA
m,omp,16,dynamic,1,4,3,33447.299806,46.641,NA
m,omp,16,dynamic,1,5,3,33447.299806,40.106,NA
m,omp,16,dynamic,1,0,NA,NA,NA,44.912
m,omp,1,dynamic,64,1,3,33447.299806,2.044,NA
m,omp,1,dynamic,64,2,3,33447.299806,2.178,NA
m,omp,1,dynamic,64,3,3,33447.299806,2.141,NA
m,omp,1,dynamic,64,4,3,33447.299806,2.137,NA
m,omp,1,dynamic,64,5,3,33447.299806,2.269,NA
m,omp,1,dynamic,64,0,NA,NA,NA,2.141
m,omp,2,dynamic,64,1,3,33447.299806,2.289,NA
m,omp,2,dynamic,64,2,3,33447.299806,2.551,NA
m,omp,2,dynamic,64,3,3,33447.299806,2.611,NA
m,omp,2,dynamic,64,4,3,33447.299806,2.679,NA
m,omp,2,dynamic,64,5,3,33447.299806,2.556,NA
m,omp,2,dynamic,64,0,NA,NA,NA,2.556
m,omp,4,dynamic,64,1,3,33447.299806,2.478,NA
m,omp,4,dynamic,64,2,3,33447.299806,2.491,NA
m,omp,4,dynamic,64,3,3,33447.299806,2.525,NA
m,omp,4,dynamic,64,4,3,33447.299806,2.700,NA
m,omp,4,dynamic,64,5,3,33447.299806,2.630,NA
m,omp,4,dynamic,64,0,NA,NA,NA,2.525
m,omp,8,dynamic,64,1,3,33447.299806,1.997,NA
m,omp,8,dynamic,64,2,3,33447.299806,1.806,NA
m,omp,8,dynamic,64,3,3,33447.299806,1.886,NA
m,omp,8,dynamic,64,4,3,33447.299806,1.846,NA
m,omp,8,dynamic,64,5,3,33447.299806,1.827,NA
m,omp,8,dynamic,64,0,NA,NA,NA,1.846
m,omp,16,dynamic,64,1,3,33447.299806,2.233,NA
m,omp,16,dynamic,64,2,3,33447.299806,39.484,NA
m,omp,16,dynamic,64,3,3,33447.299806,40.121,NA
m,omp,16,dynamic,64,4,3,33447.299806,46.088,NA
m,omp,16,dynamic,64,5,3,33447.299806,47.181,NA
m,omp,16,dynamic,64,0,NA,NA,NA,40.121
m,omp,1,dynamic,256,1,3,33447.299806,2.009,NA
m,omp,1,dynamic,256,2,3,33447.299806,1.938,NA
m,omp,1,dynamic,256,3,3,33447.299806,1.874,NA
m,omp,1,dynamic,256,4,3,33447.299806,1.870,NA
m,omp,1,dynamic,256,5,3,33447.299806,1.906,NA
m,omp,1,dynamic,256,0,NA,NA,NA,1.906
m,omp,2,dynamic,256,1,3,33447.299806,2.058,NA
m,omp,2,dynamic,256,2,3,33447.299806,2.528,NA
m,omp,2,dynamic,256,3,3,33447.299806,2.735,NA
m,omp,2,dynamic,256,4,3,33447.299806,2.758,NA
m,omp,2,dynamic,256,5,3,33447.299806,2.330,NA
m,omp,2,dynamic,256,0,NA,NA,NA,2.528
m,omp,4,dynamic,256,1,3,33447.299806,2.710,NA
m,omp,4,dynamic,256,2,3,33447.299806,2.563,NA
m,omp,4,dynamic,256,3,3,33447.299806,2.449,NA
m,omp,4,dynamic,256,4,3,33447.299806,2.472,NA
m,omp,4,dynamic,256,5,3,33447.299806,2.569,NA
m,omp,4,dynamic,256,0,NA,NA,NA,2.563
m,omp,8,dynamic,256,1,3,33447.299806,2.524,NA
m,omp,8,dynamic,256,2,3,33447.299806,1.637,NA
m,omp,8,dynamic,256,3,3,33447.299806,1.601,NA
m,omp,8,dynamic,256,4,3,33447.299806,1.668,NA
m,omp,8,dynamic,256,5,3,33447.299806,1.605,NA
m,omp,8,dynamic,256,0,NA,NA,NA,1.637
m,omp,16,dynamic,256,1,3,33447.299806,46.300,NA
m,omp,16,dynamic,256,2,3,33447.299806,46.778,NA
m,omp,16,dynamic,256,3,3,33447.299806,46.059,NA
m,omp,16,dynamic,256,4,3,33447.299806,45.116,NA
m,omp,16,dynamic,256,5,3,33447.299806,45.443,NA
m,omp,16,dynamic,256,0,NA,NA,NA,46.059
m,omp,1,dynamic,1024,1,3,33447.299806,1.912,NA
m,omp,1,dynamic,1024,2,3,33447.299806,2.130,NA
m,omp,1,dynamic,1024,3,3,33447.299806,1.996,NA
m,omp,1,dynamic,1024,4,3,33447.299806,2.751,NA
m,omp,1,dynamic,1024,5,3,33447.299806,2.047,NA
m,omp,1,dynamic,1024,0,NA,NA,NA,2.047
m,omp,2,dynamic,1024,1,3,33447.299806,2.132,NA
m,omp,2,dynamic,1024,2,3,33447.299806,2.780,NA
m,omp,2,dynamic,1024,3,3,33447.299806,2.838,NA
m,omp,2,dynamic,1024,4,3,33447.299806,2.639,NA
m,omp,2,dynamic,1024,5,3,33447.299806,2.572,NA
m,omp,2,dynamic,1024,0,NA,NA,NA,2.639
m,omp,4,dynamic,1024,1,3,33447.299806,2.547,NA
m,omp,4,dynamic,1024,2,3,33447.299806,2.582,NA
m,omp,4,dynamic,1024,3,3,33447.299806,2.379,NA
m,omp,4,dynamic,1024,4,3,33447.299806,2.253,NA
m,omp,4,dynamic,1024,5,3,33447.299806,1.874,NA
m,omp,4,dynamic,1024,0,NA,NA,NA,2.379
m,omp,8,dynamic,1024,1,3,33447.299806,1.756,NA
m,omp,8,dynamic,1024,2,3,33447.299806,1.679,NA
m,omp,8,dynamic,1024,3,3,33447.299806,1.828,NA
m,omp,8,dynamic,1024,4,3,33447.299806,1.561,NA
m,omp,8,dynamic,1024,5,3,33447.299806,1.485,NA
m,omp,8,dynamic,1024,0,NA,NA,NA,1.679
m,omp,16,dynamic,1024,1,3,33447.299806,45.931,NA
m,omp,16,dynamic,1024,2,3,33447.299806,75.401,NA
m,omp,16,dynamic,1024,3,3,33447.299806,39.400,NA
m,omp,16,dynamic,1024,4,3,33447.299806,39.354,NA
m,omp,16,dynamic,1024,5,3,33447.299806,1.705,NA
m,omp,16,dynamic,1024,0,NA,NA,NA,39.400
g,omp,1,static,1,1,3,333373.975493,36.621,NA
g,omp,1,static,1,2,3,333373.975493,34.847,NA
g,omp,1,static,1,3,3,333373.975493,34.828,NA
g,omp,1,static,1,4,3,333373.975493,34.845,NA
g,omp,1,static,1,5,3,333373.975493,35.760,NA
g,omp,1,static,1,0,NA,NA,NA,34.847
g,omp,2,static,1,1,3,333373.975493,41.162,NA
g,omp,2,static,1,2,3,333373.975493,43.005,NA
g,omp,2,static,1,3,3,333373.975493,42.789,NA
g,omp,2,static,1,4,3,333373.975493,44.150,NA
g,omp,2,static,1,5,3,333373.975493,42.689,NA
g,omp,2,static,1,0,NA,NA,NA,42.789
g,omp,4,static,1,1,3,333373.975493,34.249,NA
g,omp,4,static,1,2,3,333373.975493,33.436,NA
g,omp,4,static,1,3,3,333373.975493,34.195,NA
g,omp,4,static,1,4,3,333373.975493,33.601,NA
g,omp,4,static,1,5,3,333373.975493,33.442,NA
g,omp,4,static,1,0,NA,NA,NA,33.601
g,omp,8,static,1,1,3,333373.975493,21.510,NA
g,omp,8,static,1,2,3,333373.975493,22.253,NA
g,omp,8,static,1,3,3,333373.975493,21.761,NA
g,omp,8,static,1,4,3,333373.975493,21.420,NA
g,omp,8,static,1,5,3,333373.975493,20.821,NA
g,omp,8,static,1,0,NA,NA,NA,21.510
g,omp,16,static,1,1,3,333373.975493,46.499,NA
g,omp,16,static,1,2,3,333373.975493,41.594,NA
g,omp,16,static,1,3,3,333373.975493,14.515,NA
g,omp,16,static,1,4,3,333373.975493,48.160,NA
g,omp,16,static,1,5,3,333373.975493,48.136,NA
g,omp,16,static,1,0,NA,NA,NA,46.499
g,omp,1,static,64,1,3,333373.975493,34.692,NA
g,omp,1,static,64,2,3,333373.975493,36.171,NA
g,omp,1,static,64,3,3,333373.975493,35.015,NA
g,omp,1,static,64,4,3,333373.975493,35.881,NA
g,omp,1,static,64,5,3,333373.975493,36.034,NA
g,omp,1,static,64,0,NA,NA,NA,35.881
g,omp,2,static,64,1,3,333373.975493,22.876,NA
g,omp,2,static,64,2,3,333373.975493,22.332,NA
g,omp,2,static,64,3,3,333373.975493,22.593,NA
g,omp,2,static,64,4,3,333373.975493,22.738,NA
g,omp,2,static,64,5,3,333373.975493,22.799,NA
g,omp,2,static,64,0,NA,NA,NA,22.738
g,omp,4,static,64,1,3,333373.975493,19.135,NA
g,omp,4,static,64,2,3,333373.975493,15.652,NA
g,omp,4,static,64,3,3,333373.975493,16.736,NA
g,omp,4,static,64,4,3,333373.975493,17.250,NA
g,omp,4,static,64,5,3,333373.975493,17.371,NA
g,omp,4,static,64,0,NA,NA,NA,17.250
g,omp,8,static,64,1,3,333373.975493,12.793,NA
g,omp,8,static,64,2,3,333373.975493,13.588,NA
g,omp,8,static,64,3,3,333373.975493,12.679,NA
g,omp,8,static,64,4,3,333373.975493,12.788,NA
g,omp,8,static,64,5,3,333373.975493,9.555,NA
g,omp,8,static,64,0,NA,NA,NA,12.788
g,omp,16,static,64,1,3,333373.975493,41.585,NA
g,omp,16,static,64,2,3,333373.975493,13.170,NA
g,omp,16,static,64,3,3,333373.975493,41.102,NA
g,omp,16,static,64,4,3,333373.975493,41.578,NA
g,omp,16,static,64,5,3,333373.975493,41.722,NA
g,omp,16,static,64,0,NA,NA,NA,41.578
g,omp,1,static,256,1,3,333373.975493,35.844,NA
g,omp,1,static,256,2,3,333373.975493,34.621,NA
g,omp,1,static,256,3,3,333373.975493,35.048,NA
g,omp,1,static,256,4,3,333373.975493,34.679,NA
g,omp,1,static,256,5,3,333373.975493,35.885,NA
g,omp,1,static,256,0,NA,NA,NA,35.048
g,omp,2,static,256,1,3,333373.975493,23.294,NA
g,omp,2,static,256,2,3,333373.975493,22.139,NA
g,omp,2,static,256,3,3,333373.975493,23.055,NA
g,omp,2,static,256,4,3,333373.975493,22.107,NA
g,omp,2,static,256,5,3,333373.975493,22.809,NA
g,omp,2,static,256,0,NA,NA,NA,22.809
g,omp,4,static,256,1,3,333373.975493,15.885,NA
g,omp,4,static,256,2,3,333373.975493,17.062,NA
g,omp,4,static,256,3,3,333373.975493,16.536,NA
g,omp,4,static,256,4,3,333373.975493,16.319,NA
g,omp,4,static,256,5,3,333373.975493,15.597,NA
g,omp,4,static,256,0,NA,NA,NA,16.319
g,omp,8,static,256,1,3,333373.975493,11.980,NA
g,omp,8,static,256,2,3,333373.975493,12.320,NA
g,omp,8,static,256,3,3,333373.975493,13.101,NA
g,omp,8,static,256,4,3,333373.975493,13.067,NA
g,omp,8,static,256,5,3,333373.975493,12.683,NA
g,omp,8,static,256,0,NA,NA,NA,12.683
g,omp,16,static,256,1,3,333373.975493,41.029,NA
g,omp,16,static,256,2,3,333373.975493,41.352,NA
g,omp,16,static,256,3,3,333373.975493,41.053,NA
g,omp,16,static,256,4,3,333373.975493,41.159,NA
g,omp,16,static,256,5,3,333373.975493,47.652,NA
g,omp,16,static,256,0,NA,NA,NA,41.159
g,omp,1,static,1024,1,3,333373.975493,35.453,NA
g,omp,1,static,1024,2,3,333373.975493,34.371,NA
g,omp,1,static,1024,3,3,333373.975493,35.151,NA
g,omp,1,static,1024,4,3,333373.975493,34.797,NA
g,omp,1,static,1024,5,3,333373.975493,34.432,NA
g,omp,1,static,1024,0,NA,NA,NA,34.797
g,omp,2,static,1024,1,3,333373.975493,21.461,NA
g,omp,2,static,1024,2,3,333373.975493,20.570,NA
g,omp,2,static,1024,3,3,333373.975493,21.897,NA
g,omp,2,static,1024,4,3,333373.975493,20.832,NA
g,omp,2,static,1024,5,3,333373.975493,21.424,NA
g,omp,2,static,1024,0,NA,NA,NA,21.424
g,omp,4,static,1024,1,3,333373.975493,15.074,NA
g,omp,4,static,1024,2,3,333373.975493,15.760,NA
g,omp,4,static,1024,3,3,333373.975493,16.163,NA
g,omp,4,static,1024,4,3,333373.975493,14.826,NA
g,omp,4,static,1024,5,3,333373.975493,14.511,NA
g,omp,4,static,1024,0,NA,NA,NA,15.074
g,omp,8,static,1024,1,3,333373.975493,11.754,NA
g,omp,8,static,1024,2,3,333373.975493,11.527,NA
g,omp,8,static,1024,3,3,333373.975493,8.324,NA
g,omp,8,static,1024,4,3,333373.975493,11.961,NA
g,omp,8,static,1024,5,3,333373.975493,11.889,NA
g,omp,8,static,1024,0,NA,NA,NA,11.754
g,omp,16,static,1024,1,3,333373.975493,40.458,NA
g,omp,16,static,1024,2,3,333373.975493,46.806,NA
g,omp,16,static,1024,3,3,333373.975493,46.656,NA
g,omp,16,static,1024,4,3,333373.975493,40.600,NA
g,omp,16,static,1024,5,3,333373.975493,47.390,NA
g,omp,16,static,1024,0,NA,NA,NA,46.656
g,omp,1,dynamic,1,1,3,333373.975493,105.879,NA
g,omp,1,dynamic,1,2,3,333373.975493,104.735,NA
g,omp,1,dynamic,1,3,3,333373.975493,105.248,NA
g,omp,1,dynamic,1,4,3,333373.975493,104.678,NA
g,omp,1,dynamic,1,5,3,333373.975493,104.684,NA
g,omp,1,dynamic,1,0,NA,NA,NA,104.735
g,omp,2,dynamic,1,1,3,333373.975493,152.361,NA
g,omp,2,dynamic,1,2,3,333373.975493,125.938,NA
g,omp,2,dynamic,1,3,3,333373.975493,147.441,NA
g,omp,2,dynamic,1,4,3,333373.975493,159.937,NA
g,omp,2,dynamic,1,5,3,333373.975493,160.073,NA
g,omp,2,dynamic,1,0,NA,NA,NA,152.361
g,omp,4,dynamic,1,1,3,333373.975493,160.862,NA
g,omp,4,dynamic,1,2,3,333373.975493,167.620,NA
g,omp,4,dynamic,1,3,3,333373.975493,138.200,NA
g,omp,4,dynamic,1,4,3,333373.975493,155.467,NA
g,omp,4,dynamic,1,5,3,333373.975493,157.513,NA
g,omp,4,dynamic,1,0,NA,NA,NA,157.513
g,omp,8,dynamic,1,1,3,333373.975493,137.696,NA
g,omp,8,dynamic,1,2,3,333373.975493,126.674,NA
g,omp,8,dynamic,1,3,3,333373.975493,135.164,NA
g,omp,8,dynamic,1,4,3,333373.975493,133.506,NA
g,omp,8,dynamic,1,5,3,333373.975493,138.501,NA
g,omp,8,dynamic,1,0,NA,NA,NA,135.164
g,omp,16,dynamic,1,1,3,333373.975493,128.511,NA
g,omp,16,dynamic,1,2,3,333373.975493,126.822,NA
g,omp,16,dynamic,1,3,3,333373.975493,127.256,NA
g,omp,16,dynamic,1,4,3,333373.975493,127.060,NA
g,omp,16,dynamic,1,5,3,333373.975493,99.860,NA
g,omp,16,dynamic,1,0,NA,NA,NA,127.060
g,omp,1,dynamic,64,1,3,333373.975493,37.529,NA
g,omp,1,dynamic,64,2,3,333373.975493,38.172,NA
g,omp,1,dynamic,64,3,3,333373.975493,38.440,NA
g,omp,1,dynamic,64,4,3,333373.975493,37.767,NA
g,omp,1,dynamic,64,5,3,333373.975493,38.158,NA
g,omp,1,dynamic,64,0,NA,NA,NA,38.158
g,omp,2,dynamic,64,1,3,333373.975493,23.729,NA
g,omp,2,dynamic,64,2,3,333373.975493,24.132,NA
g,omp,2,dynamic,64,3,3,333373.975493,24.387,NA
g,omp,2,dynamic,64,4,3,333373.975493,24.005,NA
g,omp,2,dynamic,64,5,3,333373.975493,24.042,NA
g,omp,2,dynamic,64,0,NA,NA,NA,24.042
g,omp,4,dynamic,64,1,3,333373.975493,18.585,NA
g,omp,4,dynamic,64,2,3,333373.975493,18.835,NA
g,omp,4,dynamic,64,3,3,333373.975493,18.413,NA
g,omp,4,dynamic,64,4,3,333373.975493,18.816,NA
g,omp,4,dynamic,64,5,3,333373.975493,17.893,NA
g,omp,4,dynamic,64,0,NA,NA,NA,18.585
g,omp,8,dynamic,64,1,3,333373.975493,10.813,NA
g,omp,8,dynamic,64,2,3,333373.975493,11.498,NA
g,omp,8,dynamic,64,3,3,333373.975493,11.135,NA
g,omp,8,dynamic,64,4,3,333373.975493,10.904,NA
g,omp,8,dynamic,64,5,3,333373.975493,10.980,NA
g,omp,8,dynamic,64,0,NA,NA,NA,10.980
g,omp,16,dynamic,64,1,3,333373.975493,40.280,NA
g,omp,16,dynamic,64,2,3,333373.975493,40.331,NA
g,omp,16,dynamic,64,3,3,333373.975493,13.165,NA
g,omp,16,dynamic,64,4,3,333373.975493,45.019,NA
g,omp,16,dynamic,64,5,3,333373.975493,40.558,NA
g,omp,16,dynamic,64,0,NA,NA,NA,40.331
g,omp,1,dynamic,256,1,3,333373.975493,37.462,NA
g,omp,1,dynamic,256,2,3,333373.975493,37.221,NA
g,omp,1,dynamic,256,3,3,333373.975493,36.638,NA
g,omp,1,dynamic,256,4,3,333373.975493,38.028,NA
g,omp,1,dynamic,256,5,3,333373.975493,38.859,NA
g,omp,1,dynamic,256,0,NA,NA,NA,37.462
g,omp,2,dynamic,256,1,3,333373.975493,23.217,NA
g,omp,2,dynamic,256,2,3,333373.975493,22.593,NA
g,omp,2,dynamic,256,3,3,333373.975493,23.600,NA
g,omp,2,dynamic,256,4,3,333373.975493,23.703,NA
g,omp,2,dynamic,256,5,3,333373.975493,22.499,NA
g,omp,2,dynamic,256,0,NA,NA,NA,23.217
g,omp,4,dynamic,256,1,3,333373.975493,17.273,NA
g,omp,4,dynamic,256,2,3,333373.975493,16.293,NA
g,omp,4,dynamic,256,3,3,333373.975493,17.327,NA
g,omp,4,dynamic,256,4,3,333373.975493,17.185,NA
g,omp,4,dynamic,256,5,3,333373.975493,16.939,NA
g,omp,4,dynamic,256,0,NA,NA,NA,17.185
g,omp,8,dynamic,256,1,3,333373.975493,8.654,NA
g,omp,8,dynamic,256,2,3,333373.975493,8.628,NA
g,omp,8,dynamic,256,3,3,333373.975493,10.110,NA
g,omp,8,dynamic,256,4,3,333373.975493,10.727,NA
g,omp,8,dynamic,256,5,3,333373.975493,9.377,NA
g,omp,8,dynamic,256,0,NA,NA,NA,9.377
g,omp,16,dynamic,256,1,3,333373.975493,45.751,NA
g,omp,16,dynamic,256,2,3,333373.975493,47.166,NA
g,omp,16,dynamic,256,3,3,333373.975493,9.898,NA
g,omp,16,dynamic,256,4,3,333373.975493,45.204,NA
g,omp,16,dynamic,256,5,3,333373.975493,54.131,NA
g,omp,16,dynamic,256,0,NA,NA,NA,45.751
g,omp,1,dynamic,1024,1,3,333373.975493,36.242,NA
g,omp,1,dynamic,1024,2,3,333373.975493,37.280,NA
g,omp,1,dynamic,1024,3,3,333373.975493,39.069,NA
g,omp,1,dynamic,1024,4,3,333373.975493,37.448,NA
g,omp,1,dynamic,1024,5,3,333373.975493,38.667,NA
g,omp,1,dynamic,1024,0,NA,NA,NA,37.448
g,omp,2,dynamic,1024,1,3,333373.975493,21.793,NA
g,omp,2,dynamic,1024,2,3,333373.975493,21.844,NA
g,omp,2,dynamic,1024,3,3,333373.975493,22.273,NA
g,omp,2,dynamic,1024,4,3,333373.975493,22.694,NA
g,omp,2,dynamic,1024,5,3,333373.975493,22.234,NA
g,omp,2,dynamic,1024,0,NA,NA,NA,22.234
g,omp,4,dynamic,1024,1,3,333373.975493,15.943,NA
g,omp,4,dynamic,1024,2,3,333373.975493,16.678,NA
g,omp,4,dynamic,1024,3,3,333373.975493,16.092,NA
g,omp,4,dynamic,1024,4,3,333373.975493,15.967,NA
g,omp,4,dynamic,1024,5,3,333373.975493,16.316,NA
g,omp,4,dynamic,1024,0,NA,NA,NA,16.092
g,omp,8,dynamic,1024,1,3,333373.975493,9.370,NA
g,omp,8,dynamic,1024,2,3,333373.975493,7.962,NA
g,omp,8,dynamic,1024,3,3,333373.975493,8.012,NA
g,omp,8,dynamic,1024,4,3,333373.975493,9.971,NA
g,omp,8,dynamic,1024,5,3,333373.975493,8.347,NA
g,omp,8,dynamic,1024,0,NA,NA,NA,8.347
g,omp,16,dynamic,1024,1,3,333373.975493,33.230,NA
g,omp,16,dynamic,1024,2,3,333373.975493,43.446,NA
g,omp,16,dynamic,1024,3,3,333373.975493,45.692,NA
g,omp,16,dynamic,1024,4,3,333373.975493,45.128,NA
g,omp,16,dynamic,1024,5,3,333373.975493,40.896,NA
g,omp,16,dynamic,1024,0,NA,NA,NA,43.446
